Kristina,Osipog@rvt.lv,123
Nikitka Ospovs,no00499@rvt.lv,123
Nikitka Ospovs,no00499@rvt.lv,123
Nikitka Ospovs,no00499@rvt.lv,123
Kristina,Osipog@rvt.lv,432
"Invalid name",Osipog@rvt.lv,123
Kristina,Osipog@rvt.lv,123
Kristina,Osipog@rvt.lv,123
"Invalid name",,
"Invalid name","Invalid email","Message too short"
Kristina,"Invalid email",ccfcgcccccfgggfhf
Kristina,Osipog@rvt.lv,1233333333333333333333333
Kristina,Osipog@rvt.lv,122222222222222222222222
"Nikitka Ospovs",no00499@rvt.lv,1234444444444444444444444444
Kristina,Osipog@rvt.lv,1222222222222222222222
NikitkaOspov,no00499@rvt.lv,3444444444444444
NikitkaOspov,no00499@rvt.lv,212222222222222222
Kristina,Osipog@rvt.lv,2222222222222222222
"Kristi na",Osipog@rvt.lv,fffffffffffffffffffffffff
Kristina,Osipog@rvt.lv,22222222222222222222
,,
,,
,,
,,kkkkkk
,,
1,,
1,1@1,1
